<?xml version="1.0" encoding="UTF-8"?>
<!DOCTYPE mapper PUBLIC "-//mybatis.org//DTD Mapper 3.0//EN" "http://mybatis.org/dtd/mybatis-3-mapper.dtd">
<mapper namespace="generator.OperateDao">
  <resultMap id="BaseResultMap" type="generator.Operate">
    <id column="no" jdbcType="INTEGER" property="no" />
    <result column="op" jdbcType="VARCHAR" property="op" />
    <result column="addDate" jdbcType="DATE" property="adddate" />
    <result column="Event" jdbcType="VARCHAR" property="event" />
  </resultMap>
  <sql id="Base_Column_List">
    `no`, op, addDate, Event
  </sql>
  <select id="selectByPrimaryKey" parameterType="java.lang.Integer" resultMap="BaseResultMap">
    select 
    <include refid="Base_Column_List" />
    from operate
    where `no` = #{no,jdbcType=INTEGER}
  </select>
  <delete id="deleteByPrimaryKey" parameterType="java.lang.Integer">
    delete from operate
    where `no` = #{no,jdbcType=INTEGER}
  </delete>
  <insert id="insert" keyColumn="no" keyProperty="no" parameterType="generator.Operate" useGeneratedKeys="true">
    insert into operate (op, addDate, Event
      )
    values (#{op,jdbcType=VARCHAR}, #{adddate,jdbcType=DATE}, #{event,jdbcType=VARCHAR}
      )
  </insert>
  <insert id="insertSelective" keyColumn="no" keyProperty="no" parameterType="generator.Operate" useGeneratedKeys="true">
    insert into operate
    <trim prefix="(" suffix=")" suffixOverrides=",">
      <if test="op != null">
        op,
      </if>
      <if test="adddate != null">
        addDate,
      </if>
      <if test="event != null">
        Event,
      </if>
    </trim>
    <trim prefix="values (" suffix=")" suffixOverrides=",">
      <if test="op != null">
        #{op,jdbcType=VARCHAR},
      </if>
      <if test="adddate != null">
        #{adddate,jdbcType=DATE},
      </if>
      <if test="event != null">
        #{event,jdbcType=VARCHAR},
      </if>
    </trim>
  </insert>
  <update id="updateByPrimaryKeySelective" parameterType="generator.Operate">
    update operate
    <set>
      <if test="op != null">
        op = #{op,jdbcType=VARCHAR},
      </if>
      <if test="adddate != null">
        addDate = #{adddate,jdbcType=DATE},
      </if>
      <if test="event != null">
        Event = #{event,jdbcType=VARCHAR},
      </if>
    </set>
    where `no` = #{no,jdbcType=INTEGER}
  </update>
  <update id="updateByPrimaryKey" parameterType="generator.Operate">
    update operate
    set op = #{op,jdbcType=VARCHAR},
      addDate = #{adddate,jdbcType=DATE},
      Event = #{event,jdbcType=VARCHAR}
    where `no` = #{no,jdbcType=INTEGER}
  </update>
</mapper>