<?xml version="1.0" encoding="UTF-8"?>
<!DOCTYPE mapper PUBLIC "-//mybatis.org//DTD Mapper 3.0//EN" "http://mybatis.org/dtd/mybatis-3-mapper.dtd">
<mapper namespace="com.example.demo.dao.DepartmentDao">
  <resultMap id="BaseResultMap" type="com.example.demo.entity.Department">
    <id column="department_name" jdbcType="VARCHAR" property="departmentName" />
    <result column="department_id" jdbcType="VARCHAR" property="departmentId" />
  </resultMap>
  <sql id="Base_Column_List">
    department_name, department_id
  </sql>
  <select id="selectByPrimaryKey" parameterType="java.lang.String" resultMap="BaseResultMap">
    select 
    <include refid="Base_Column_List" />
    from department
    where department_name = #{departmentName,jdbcType=VARCHAR}
  </select>
  <delete id="deleteByPrimaryKey" parameterType="java.lang.String">
    delete from department
    where department_name = #{departmentName,jdbcType=VARCHAR}
  </delete>
  <insert id="insert"  parameterType="com.example.demo.entity.Department" >
    insert into department (department_name, department_id)
    values (#{departmentName,jdbcType=VARCHAR},#{departmentId,jdbcType=VARCHAR})
  </insert>
  <insert id="insertSelective" keyColumn="department_name" keyProperty="departmentName" parameterType="com.example.demo.entity.Department" useGeneratedKeys="true">
    insert into department
    <trim prefix="(" suffix=")" suffixOverrides=",">
      <if test="departmentId != null">
        department_id,
      </if>
    </trim>
    <trim prefix="values (" suffix=")" suffixOverrides=",">
      <if test="departmentId != null">
        #{departmentId,jdbcType=VARCHAR},
      </if>
    </trim>
  </insert>
  <update id="updateByPrimaryKeySelective" parameterType="com.example.demo.entity.Department">
    update department
    <set>
      <if test="departmentId != null">
        department_id = #{departmentId,jdbcType=VARCHAR},
      </if>
    </set>
    where department_name = #{departmentName,jdbcType=VARCHAR}
  </update>
  <update id="updateByPrimaryKey" parameterType="com.example.demo.entity.Department">
    update department
    set department_id = #{departmentId,jdbcType=VARCHAR}
    where department_name = #{departmentName,jdbcType=VARCHAR}
  </update>
  <select id="findAll"  resultType="com.example.demo.entity.Department" resultMap="BaseResultMap">
    select *
    from department

  </select>
</mapper>