<?xml version="1.0" encoding="UTF-8"?>
<!DOCTYPE mapper PUBLIC "-//mybatis.org//DTD Mapper 3.0//EN" "http://mybatis.org/dtd/mybatis-3-mapper.dtd">
<mapper namespace="com.example.demo.dao.InitializedbDao">
    <delete id="clear_personnelinfo">
        delete from personnelinfo
    </delete>
    <delete id="clear_personneladjustsalary">
        delete  from personneladjustsalary
    </delete>
    <delete id="clear_personnelencourageorpunish">
        delete from personnelencourageorpunish
    </delete>
    <delete id="clear_personnelremove">
        delete from personnelremove
    </delete>
    <delete id="clear_salary">
        delete from salary
    </delete>
    <delete id="clear_operate">
        delete from operate
    </delete>
    <delete id="clear_op">
        delete from op
    </delete>
    <delete id="clear_job">
        delete from job
    </delete>
    <delete id="clear_department">
        delete from department
    </delete>
    <delete id="clear_user">
        delete  from user where user_type = '002'
    </delete>
</mapper>