<?xml version="1.0" encoding="UTF-8"?>
<!DOCTYPE mapper PUBLIC "-//mybatis.org//DTD Mapper 3.0//EN" "http://mybatis.org/dtd/mybatis-3-mapper.dtd">
<mapper namespace="com.example.demo.dao.JobDao">
  <resultMap id="BaseResultMap" type="com.example.demo.entity.Job">
    <id column="job_name" jdbcType="VARCHAR" property="jobName" />
    <result column="job_id" jdbcType="VARCHAR" property="jobId" />
  </resultMap>
  <sql id="Base_Column_List">
    job_name, job_id
  </sql>
  <select id="selectByPrimaryKey" parameterType="java.lang.String" resultMap="BaseResultMap">
    select 
    <include refid="Base_Column_List" />
    from job
    where job_name = #{jobName,jdbcType=VARCHAR}
  </select>
  <delete id="deleteByPrimaryKey" parameterType="java.lang.String">
    delete from job
    where job_name = #{jobName,jdbcType=VARCHAR}
  </delete>
  <insert id="insert"   parameterType="com.example.demo.entity.Job" >
    insert into job (job_name,job_id)
    values (#{jobName,jdbcType=VARCHAR},#{jobId,jdbcType=VARCHAR})
  </insert>
  <insert id="insertSelective" keyColumn="job_name" keyProperty="jobName" parameterType="com.example.demo.entity.Job" useGeneratedKeys="true">
    insert into job
    <trim prefix="(" suffix=")" suffixOverrides=",">
      <if test="jobId != null">
        job_id,
      </if>
    </trim>
    <trim prefix="values (" suffix=")" suffixOverrides=",">
      <if test="jobId != null">
        #{jobId,jdbcType=VARCHAR},
      </if>
    </trim>
  </insert>
  <update id="updateByPrimaryKeySelective" parameterType="com.example.demo.entity.Job">
    update job
    <set>
      <if test="jobId != null">
        job_id = #{jobId,jdbcType=VARCHAR},
      </if>
    </set>
    where job_name = #{jobName,jdbcType=VARCHAR}
  </update>
  <update id="updateByPrimaryKey" parameterType="com.example.demo.entity.Job">
    update job
    set job_id = #{jobId,jdbcType=VARCHAR}
    where job_name = #{jobName,jdbcType=VARCHAR}
  </update>
  <select id="findAll" resultType="com.example.demo.entity.Job" resultMap="BaseResultMap">
    select *
    from job
  </select>
</mapper>