<?xml version="1.0" encoding="UTF-8"?>
<!DOCTYPE mapper PUBLIC "-//mybatis.org//DTD Mapper 3.0//EN" "http://mybatis.org/dtd/mybatis-3-mapper.dtd">
<mapper namespace="com.example.demo.dao.UserDao">
  <resultMap id="BaseResultMap" type="com.example.demo.entity.User">
    <id column="user_ID" jdbcType="VARCHAR" property="userId" />
    <result column="user_Password" jdbcType="VARCHAR" property="userPassword" />
    <result column="user_name" jdbcType="VARCHAR" property="userName" />
    <result column="user_type" jdbcType="VARCHAR" property="userType" />
  </resultMap>
  <sql id="Base_Column_List">
    user_ID, user_Password, user_name, user_type
  </sql>
  <select id="selectByPrimaryKey" parameterType="java.lang.String" resultMap="BaseResultMap">
    select 
    <include refid="Base_Column_List" />
    from user
    where user_ID = #{userId,jdbcType=VARCHAR}
  </select>
  <delete id="deleteByPrimaryKey" parameterType="java.lang.String">
    delete from user
    where user_ID = #{userId,jdbcType=VARCHAR}
  </delete>
  <insert id="insert"  parameterType="com.example.demo.entity.User" >
    insert into user (user_ID,user_Password, user_name, user_type
      )
    values (#{userId,jdbcType=VARCHAR},#{userPassword,jdbcType=VARCHAR}, #{userName,jdbcType=VARCHAR}, #{userType,jdbcType=VARCHAR}
      )
  </insert>
  <insert id="insertSelective" keyColumn="user_ID" keyProperty="userId" parameterType="com.example.demo.entity.User" useGeneratedKeys="true">
    insert into user
    <trim prefix="(" suffix=")" suffixOverrides=",">
      <if test="userPassword != null">
        user_Password,
      </if>
      <if test="userName != null">
        user_name,
      </if>
      <if test="userType != null">
        user_type,
      </if>
    </trim>
    <trim prefix="values (" suffix=")" suffixOverrides=",">
      <if test="userPassword != null">
        #{userPassword,jdbcType=VARCHAR},
      </if>
      <if test="userName != null">
        #{userName,jdbcType=VARCHAR},
      </if>
      <if test="userType != null">
        #{userType,jdbcType=VARCHAR},
      </if>
    </trim>
  </insert>
  <update id="updateByPrimaryKeySelective" parameterType="com.example.demo.entity.User">
    update user
    <set>
      <if test="userPassword != null">
        user_Password = #{userPassword,jdbcType=VARCHAR},
      </if>
      <if test="userName != null">
        user_name = #{userName,jdbcType=VARCHAR},
      </if>
      <if test="userType != null">
        user_type = #{userType,jdbcType=VARCHAR},
      </if>
    </set>
    where user_ID = #{userId,jdbcType=VARCHAR}
  </update>
  <update id="updateByPrimaryKey" parameterType="com.example.demo.entity.User">
    update user
    set user_Password = #{userPassword,jdbcType=VARCHAR},
      user_name = #{userName,jdbcType=VARCHAR},
      user_type = #{userType,jdbcType=VARCHAR}
    where user_ID = #{userId,jdbcType=VARCHAR}
  </update>
</mapper>